DATE,TMAX,TMIN
2011/1/1,32,8
2011/1/2,24,14
2011/1/3,26,14
2011/1/4,24,10
2011/1/5,28,12
2011/1/6,30,8
2011/1/7,30,14
2011/1/8,33,12
2011/1/9,26,8
2011/1/10,26,12
2011/1/11,26,5
2011/1/12,28,12
2011/1/13,32,10
2011/1/14,30,8
2011/1/15,24,8
2011/1/16,26,8
2011/1/17,30,8
2011/1/18,26,5
2011/1/19,28,10
2011/1/20,30,8
2011/1/21,32,10
2011/1/22,30,6
2011/1/23,28,5
2011/1/24,30,8
2011/1/25,30,6
2011/1/26,30,10
2011/1/27,30,10
2011/1/28,30,8
2011/1/29,28,6
2011/1/30,35,12
2011/1/31,44,12
2011/2/1,42,17
2011/2/2,41,15
2011/2/3,41,17
2011/2/4,44,17
2011/2/5,37,21
2011/2/6,46,21
2011/2/7,39,21
2011/2/8,44,19
2011/2/9,35,24
2011/2/10,28,19
2011/2/11,32,5
2011/2/12,24,14
2011/2/13,28,6
2011/2/14,32,12
2011/2/15,33,15
2011/2/16,28,17
2011/2/17,41,12
2011/2/18,46,19
2011/2/19,50,19
2011/2/20,46,19
2011/2/21,42,23
2011/2/22,46,24
2011/2/23,48,32
2011/2/24,48,26
2011/2/25,41,26
2011/2/26,35,21
2011/2/27,35,19
2011/2/28,41,21
2011/3/1,39,23
2011/3/2,39,23
2011/3/3,46,17
2011/3/4,50,26
2011/3/5,55,30
2011/3/6,50,28
2011/3/7,50,28
2011/3/8,50,28
2011/3/9,50,26
2011/3/10,55,28
2011/3/11,60,32
2011/3/12,64,41
2011/3/13,62,32
2011/3/14,48,28
2011/3/15,46,26
2011/3/16,53,26
2011/3/17,59,35
2011/3/18,57,28
2011/3/19,53,33
2011/3/20,50,32
2011/3/21,44,26
2011/3/22,48,26
2011/3/23,50,30
2011/3/24,51,24
2011/3/25,51,26
2011/3/26,59,26
2011/3/27,60,30
2011/3/28,62,33
2011/3/29,64,33
2011/3/30,71,41
2011/3/31,71,42
2011/4/1,46,35
2011/4/2,53,30
2011/4/3,60,33
2011/4/4,68,37
2011/4/5,64,44
2011/4/6,66,41
2011/4/7,64,35
2011/4/8,66,42
2011/4/9,68,50
2011/4/10,59,35
2011/4/11,69,39
2011/4/12,78,42
2011/4/13,77,50
2011/4/14,82,55
2011/4/15,75,39
2011/4/16,75,51
2011/4/17,64,44
2011/4/18,68,42
2011/4/19,73,48
2011/4/20,75,53
2011/4/21,60,39
2011/4/22,66,42
2011/4/23,64,44
2011/4/24,69,44
2011/4/25,64,46
2011/4/26,59,42
2011/4/27,71,41
2011/4/28,73,50
2011/4/29,71,50
2011/4/30,68,51
2011/5/1,75,50
2011/5/2,77,46
2011/5/3,75,51
2011/5/4,64,51
2011/5/5,71,51
2011/5/6,77,51
2011/5/7,77,57
2011/5/8,66,51
2011/5/9,77,59
2011/5/10,77,53
2011/5/11,80,50
2011/5/12,73,51
2011/5/13,80,57
2011/5/14,84,55
2011/5/15,78,50
2011/5/16,80,53
2011/5/17,82,57
2011/5/18,86,59
2011/5/19,75,57
2011/5/20,73,51
2011/5/21,77,46
2011/5/22,82,55
2011/5/23,86,55
2011/5/24,82,60
2011/5/25,80,60
2011/5/26,77,57
2011/5/27,82,59
2011/5/28,89,66
2011/5/29,80,60
2011/5/30,84,64
2011/5/31,82,59
2011/6/1,89,59
2011/6/2,93,68
2011/6/3,87,64
2011/6/4,86,64
2011/6/5,89,66
2011/6/6,89,64
2011/6/7,95,66
2011/6/8,91,66
2011/6/9,89,68
2011/6/10,86,62
2011/6/11,82,60
2011/6/12,93,64
2011/6/13,91,66
2011/6/14,89,68
2011/6/15,86,62
2011/6/16,80,62
2011/6/17,78,64
2011/6/18,89,66
2011/6/19,91,68
2011/6/20,89,71
2011/6/21,91,73
2011/6/22,87,66
2011/6/23,80,62
2011/6/24,77,60
2011/6/25,82,62
2011/6/26,87,64
2011/6/27,87,68
2011/6/28,89,68
2011/6/29,89,69
2011/6/30,87,71
2011/7/1,84,73
2011/7/2,82,73
2011/7/3,91,68
2011/7/4,95,71
2011/7/5,95,71
2011/7/6,89,66
2011/7/7,89,64
2011/7/8,89,68
2011/7/9,95,66
2011/7/10,93,69
2011/7/11,91,68
2011/7/12,86,73
2011/7/13,87,71
2011/7/14,87,71
2011/7/15,87,69
2011/7/16,87,69
2011/7/17,84,66
2011/7/18,82,68
2011/7/19,84,66
2011/7/20,84,66
2011/7/21,84,69
2011/7/22,86,73
2011/7/23,93,77
2011/7/24,87,71
2011/7/25,86,68
2011/7/26,95,73
2011/7/27,89,75
2011/7/28,87,77
2011/7/29,86,71
2011/7/30,89,71
2011/7/31,93,73
2011/8/1,93,73
2011/8/2,87,71
2011/8/3,91,69
2011/8/4,91,69
2011/8/5,84,73
2011/8/6,86,71
2011/8/7,87,73
2011/8/8,91,71
2011/8/9,93,73
2011/8/10,89,71
2011/8/11,89,73
2011/8/12,89,73
2011/8/13,89,73
2011/8/14,86,69
2011/8/15,80,69
2011/8/16,87,71
2011/8/17,86,69
2011/8/18,86,64
2011/8/19,86,66
2011/8/20,86,66
2011/8/21,86,66
2011/8/22,84,66
2011/8/23,84,66
2011/8/24,84,66
2011/8/25,78,66
2011/8/26,80,66
2011/8/27,80,68
2011/8/28,86,66
2011/8/29,89,66
2011/8/30,87,71
2011/8/31,86,66
2011/9/1,80,62
2011/9/2,84,64
2011/9/3,78,62
2011/9/4,82,62
2011/9/5,84,62
2011/9/6,84,64
2011/9/7,78,60
2011/9/8,73,60
2011/9/9,73,57
2011/9/10,66,55
2011/9/11,77,57
2011/9/12,75,57
2011/9/13,75,62
2011/9/14,75,62
2011/9/15,75,60
2011/9/16,69,55
2011/9/17,68,48
2011/9/18,69,46
2011/9/19,71,44
2011/9/20,73,46
2011/9/21,78,46
2011/9/22,80,48
2011/9/23,80,50
2011/9/24,80,55
2011/9/25,78,55
2011/9/26,78,57
2011/9/27,77,59
2011/9/28,69,57
2011/9/29,71,48
2011/9/30,68,48
2011/10/1,68,44
2011/10/2,68,39
2011/10/3,68,41
2011/10/4,68,48
2011/10/5,77,46
2011/10/6,71,42
2011/10/7,75,46
2011/10/8,73,55
2011/10/9,73,55
2011/10/10,69,51
2011/10/11,68,51
2011/10/12,66,53
2011/10/13,66,48
2011/10/14,64,48
2011/10/15,68,42
2011/10/16,69,39
2011/10/17,64,41
2011/10/18,68,44
2011/10/19,64,48
2011/10/20,66,51
2011/10/21,62,48
2011/10/22,66,51
2011/10/23,60,37
2011/10/24,55,30
2011/10/25,59,35
2011/10/26,53,35
2011/10/27,59,35
2011/10/28,59,37
2011/10/29,62,39
2011/10/30,60,41
2011/10/31,59,50
2011/11/1,59,44
2011/11/2,59,42
2011/11/3,57,48
2011/11/4,57,46
2011/11/5,59,44
2011/11/6,55,41
2011/11/7,55,41
2011/11/8,55,33
2011/11/9,55,33
2011/11/10,59,32
2011/11/11,55,39
2011/11/12,57,32
2011/11/13,51,26
2011/11/14,53,26
2011/11/15,53,32
2011/11/16,48,41
2011/11/17,46,32
2011/11/18,51,32
2011/11/19,46,23
2011/11/20,46,21
2011/11/21,46,30
2011/11/22,50,24
2011/11/23,42,19
2011/11/24,44,21
2011/11/25,41,26
2011/11/26,46,24
2011/11/27,42,26
2011/11/28,39,26
2011/11/29,37,23
2011/11/30,39,17
2011/12/1,37,23
2011/12/2,39,19
2011/12/3,37,19
2011/12/4,39,23
2011/12/5,35,26
2011/12/6,32,26
2011/12/7,39,17
2011/12/8,30,12
2011/12/9,32,17
2011/12/10,37,19
2011/12/11,42,19
2011/12/12,41,23
2011/12/13,39,21
2011/12/14,33,17
2011/12/15,32,10
2011/12/16,32,12
2011/12/17,35,8
2011/12/18,35,12
2011/12/19,33,14
2011/12/20,33,15
2011/12/21,35,17
2011/12/22,33,10
2011/12/23,35,17
2011/12/24,35,10
2011/12/25,37,10
2011/12/26,35,15
2011/12/27,35,17
2011/12/28,41,14
2011/12/29,28,21
2011/12/30,33,19
2011/12/31,37,10
2012/1/1,32,19
2012/1/2,35,17
2012/1/3,32,8
2012/1/4,32,5
2012/1/5,33,8
2012/1/6,28,10
2012/1/7,28,17
2012/1/8,33,10
2012/1/9,33,12
2012/1/10,35,14
2012/1/11,33,8
2012/1/12,35,12
2012/1/13,37,10
2012/1/14,39,8
2012/1/15,35,14
2012/1/16,33,17
2012/1/17,33,21
2012/1/18,35,19
2012/1/19,30,17
2012/1/20,28,6
2012/1/21,26,5
2012/1/22,24,3
2012/1/23,26,3
2012/1/24,30,8
2012/1/25,32,6
2012/1/26,33,8
2012/1/27,33,10
2012/1/28,28,12
2012/1/29,28,8
2012/1/30,28,12
2012/1/31,26,6
2012/2/1,24,1
2012/2/2,28,6
2012/2/3,33,14
2012/2/4,37,15
2012/2/5,35,17
2012/2/6,24,6
2012/2/7,28,6
2012/2/8,35,8
2012/2/9,37,8
2012/2/10,35,8
2012/2/11,39,12
2012/2/12,41,17
2012/2/13,39,19
2012/2/14,39,17
2012/2/15,37,19
2012/2/16,33,15
2012/2/17,35,12
2012/2/18,37,12
2012/2/19,41,12
2012/2/20,46,14
2012/2/21,41,21
2012/2/22,42,21
2012/2/23,41,21
2012/2/24,41,19
2012/2/25,39,15
2012/2/26,42,15
2012/2/27,42,21
2012/2/28,41,26
2012/2/29,46,26
2012/3/1,35,24
2012/3/2,39,28
2012/3/3,39,28
2012/3/4,41,24
2012/3/5,37,28
2012/3/6,50,23
2012/3/7,50,24
2012/3/8,42,19
2012/3/9,41,21
2012/3/10,41,19
2012/3/11,41,14
2012/3/12,46,19
2012/3/13,55,21
2012/3/14,53,23
2012/3/15,50,35
2012/3/16,55,35
2012/3/17,51,30
2012/3/18,41,23
2012/3/19,42,23
2012/3/20,51,32
2012/3/21,51,39
2012/3/22,42,33
2012/3/23,53,33
2012/3/24,57,30
2012/3/25,57,32
2012/3/26,60,35
2012/3/27,68,39
2012/3/28,66,46
2012/3/29,64,39
2012/3/30,53,30
2012/3/31,60,30
2012/4/1,51,39
2012/4/2,50,39
2012/4/3,64,35
2012/4/4,66,41
2012/4/5,60,35
2012/4/6,66,39
2012/4/7,73,48
2012/4/8,69,41
2012/4/9,73,53
2012/4/10,68,46
2012/4/11,68,42
2012/4/12,73,44
2012/4/13,78,50
2012/4/14,80,51
2012/4/15,80,44
2012/4/16,71,46
2012/4/17,80,55
2012/4/18,75,55
2012/4/19,71,51
2012/4/20,71,51
2012/4/21,64,51
2012/4/22,77,55
2012/4/23,77,55
2012/4/24,64,48
2012/4/25,68,39
2012/4/26,73,51
2012/4/27,73,46
2012/4/28,71,46
2012/4/29,71,50
2012/4/30,75,57
2012/5/1,71,51
2012/5/2,84,55
2012/5/3,87,60
2012/5/4,89,59
2012/5/5,86,53
2012/5/6,86,59
2012/5/7,82,59
2012/5/8,86,55
2012/5/9,84,60
2012/5/10,86,62
2012/5/11,71,55
2012/5/12,75,50
2012/5/13,78,55
2012/5/14,77,48
2012/5/15,78,53
2012/5/16,78,60
2012/5/17,84,55
2012/5/18,89,62
2012/5/19,84,62
2012/5/20,80,59
2012/5/21,78,64
2012/5/22,78,59
2012/5/23,80,60
2012/5/24,84,59
2012/5/25,80,55
2012/5/26,89,60
2012/5/27,91,62
2012/5/28,89,66
2012/5/29,80,55
2012/5/30,80,55
2012/5/31,78,60
2012/6/1,75,59
2012/6/2,82,59
2012/6/3,77,59
2012/6/4,89,62
2012/6/5,89,64
2012/6/6,87,64
2012/6/7,89,66
2012/6/8,91,68
2012/6/9,87,60
2012/6/10,80,55
2012/6/11,87,60
2012/6/12,84,60
2012/6/13,77,60
2012/6/14,78,59
2012/6/15,80,59
2012/6/16,91,68
2012/6/17,98,69
2012/6/18,95,69
2012/6/19,89,71
2012/6/20,86,69
2012/6/21,86,71
2012/6/22,87,69
2012/6/23,86,71
2012/6/24,78,66
2012/6/25,80,68
2012/6/26,78,69
2012/6/27,80,69
2012/6/28,77,68
2012/6/29,77,64
2012/6/30,89,69
2012/7/1,93,71
2012/7/2,93,69
2012/7/3,95,73
2012/7/4,86,68
2012/7/5,86,69
2012/7/6,87,71
2012/7/7,82,73
2012/7/8,84,75
2012/7/9,86,69
2012/7/10,87,71
2012/7/11,91,71
2012/7/12,87,69
2012/7/13,86,69
2012/7/14,87,66
2012/7/15,91,68
2012/7/16,93,68
2012/7/17,93,71
2012/7/18,89,71
2012/7/19,87,73
2012/7/20,89,75
2012/7/21,86,73
2012/7/22,89,69
2012/7/23,89,71
2012/7/24,86,73
2012/7/25,82,71
2012/7/26,82,75
2012/7/27,82,75
2012/7/28,80,73
2012/7/29,91,71
2012/7/30,84,69
2012/7/31,77,68
2012/8/1,73,68
2012/8/2,84,71
2012/8/3,80,71
2012/8/4,89,68
2012/8/5,87,73
2012/8/6,89,75
2012/8/7,89,75
2012/8/8,82,73
2012/8/9,91,69
2012/8/10,89,71
2012/8/11,84,69
2012/8/12,82,66
2012/8/13,84,69
2012/8/14,78,62
2012/8/15,87,64
2012/8/16,86,69
2012/8/17,84,69
2012/8/18,82,68
2012/8/19,87,68
2012/8/20,84,66
2012/8/21,84,57
2012/8/22,82,55
2012/8/23,84,59
2012/8/24,84,60
2012/8/25,84,62
2012/8/26,82,69
2012/8/27,80,68
2012/8/28,89,69
2012/8/29,93,69
2012/8/30,93,73
2012/8/31,87,73
2012/9/1,84,66
2012/9/2,77,59
2012/9/3,78,55
2012/9/4,78,51
2012/9/5,80,57
2012/9/6,75,57
2012/9/7,77,62
2012/9/8,80,60
2012/9/9,84,62
2012/9/10,80,66
2012/9/11,77,60
2012/9/12,75,53
2012/9/13,75,48
2012/9/14,77,48
2012/9/15,78,53
2012/9/16,78,55
2012/9/17,82,53
2012/9/18,84,51
2012/9/19,82,53
2012/9/20,82,59
2012/9/21,75,57
2012/9/22,78,57
2012/9/23,80,57
2012/9/24,77,59
2012/9/25,71,57
2012/9/26,77,55
2012/9/27,73,51
2012/9/28,71,46
2012/9/29,77,44
2012/9/30,77,44
2012/10/1,80,48
2012/10/2,77,53
2012/10/3,78,51
2012/10/4,69,55
2012/10/5,75,46
2012/10/6,77,48
2012/10/7,75,50
2012/10/8,75,51
2012/10/9,73,44
2012/10/10,71,41
2012/10/11,71,44
2012/10/12,75,48
2012/10/13,66,39
2012/10/14,64,41
2012/10/15,60,46
2012/10/16,62,37
2012/10/17,60,32
2012/10/18,66,37
2012/10/19,66,41
2012/10/20,68,42
2012/10/21,57,44
2012/10/22,64,32
2012/10/23,68,37
2012/10/24,69,39
2012/10/25,69,48
2012/10/26,64,46
2012/10/27,73,41
2012/10/28,62,41
2012/10/29,59,28
2012/10/30,55,30
2012/10/31,57,28
2012/11/1,57,32
2012/11/2,59,41
2012/11/3,51,30
2012/11/4,35,28
2012/11/5,48,24
2012/11/6,53,26
2012/11/7,53,28
2012/11/8,51,30
2012/11/9,50,33
2012/11/10,35,28
2012/11/11,42,23
2012/11/12,44,26
2012/11/13,44,23
2012/11/14,48,21
2012/11/15,44,28
2012/11/16,51,24
2012/11/17,48,24
2012/11/18,50,30
2012/11/19,50,23
2012/11/20,50,23
2012/11/21,48,30
2012/11/22,46,23
2012/11/23,41,19
2012/11/24,42,21
2012/11/25,46,23
2012/11/26,41,19
2012/11/27,41,23
2012/11/28,41,17
2012/11/29,39,21
2012/11/30,37,14
2012/12/1,32,15
2012/12/2,33,21
2012/12/3,35,15
2012/12/4,33,19
2012/12/5,28,12
2012/12/6,28,12
2012/12/7,28,10
2012/12/8,24,6
2012/12/9,33,12
2012/12/10,28,12
2012/12/11,32,15
2012/12/12,35,21
2012/12/13,32,24
2012/12/14,32,24
2012/12/15,35,24
2012/12/16,26,8
2012/12/17,30,14
2012/12/18,28,14
2012/12/19,26,21
2012/12/20,33,14
2012/12/21,19,0
2012/12/22,26,6
2012/12/23,26,3
2012/12/24,24,6
2012/12/25,26,8
2012/12/26,23,12
2012/12/27,21,8
2012/12/28,26,3
2012/12/29,26,6
2012/12/30,24,3
2012/12/31,17,0
2013/1/1,21,1
2013/1/2,26,3
2013/1/3,30,3
2013/1/4,28,5
2013/1/5,30,6
2013/1/6,28,6
2013/1/7,30,5
2013/1/8,30,8
2013/1/9,35,17
2013/1/10,35,15
2013/1/11,35,15
2013/1/12,32,17
2013/1/13,33,12
2013/1/14,33,8
2013/1/15,33,8
2013/1/16,35,10
2013/1/17,33,17
2013/1/18,26,17
2013/1/19,37,15
2013/1/20,33,8
2013/1/21,32,15
2013/1/22,37,8
2013/1/23,28,10
2013/1/24,32,10
2013/1/25,33,12
2013/1/26,37,14
2013/1/27,35,19
2013/1/28,32,23
2013/1/29,32,21
2013/1/30,39,10
2013/1/31,33,15
2013/2/1,30,19
2013/2/2,33,14
2013/2/3,35,15
2013/2/4,35,6
2013/2/5,26,1
2013/2/6,24,8
2013/2/7,30,15
2013/2/8,30,15
2013/2/9,28,15
2013/2/10,33,14
2013/2/11,41,17
2013/2/12,37,15
2013/2/13,37,14
2013/2/14,37,21
2013/2/15,44,21
2013/2/16,37,14
2013/2/17,35,12
2013/2/18,41,14
2013/2/19,42,21
2013/2/20,42,15
2013/2/21,46,21
2013/2/22,41,24
2013/2/23,33,17
2013/2/24,50,21
2013/2/25,51,32
2013/2/26,57,23
2013/2/27,44,15
2013/2/28,42,19
2013/3/1,55,26
2013/3/2,57,32
2013/3/3,59,32
2013/3/4,57,30
2013/3/5,57,32
2013/3/6,66,37
2013/3/7,57,24
2013/3/8,48,26
2013/3/9,53,33
2013/3/10,48,26
2013/3/11,46,23
2013/3/12,50,28
2013/3/13,53,33
2013/3/14,53,35
2013/3/15,64,41
2013/3/16,51,28
2013/3/17,37,24
2013/3/18,44,24
2013/3/19,53,30
2013/3/20,50,30
2013/3/21,51,26
2013/3/22,50,24
2013/3/23,51,30
2013/3/24,57,35
2013/3/25,60,35
2013/3/26,50,26
2013/3/27,50,30
2013/3/28,50,32
2013/3/29,53,39
2013/3/30,59,28
2013/3/31,64,37
2013/4/1,60,35
2013/4/2,55,42
2013/4/3,55,32
2013/4/4,57,28
2013/4/5,57,39
2013/4/6,51,35
2013/4/7,53,37
2013/4/8,55,33
2013/4/9,62,30
2013/4/10,69,42
2013/4/11,71,39
2013/4/12,59,35
2013/4/13,68,44
2013/4/14,66,39
2013/4/15,62,44
2013/4/16,59,37
2013/4/17,48,33
2013/4/18,57,35
2013/4/19,64,42
2013/4/20,66,46
2013/4/21,62,44
2013/4/22,71,46
2013/4/23,71,41
2013/4/24,73,46
2013/4/25,71,48
2013/4/26,64,50
2013/4/27,80,50
2013/4/28,80,46
2013/4/29,77,48
2013/4/30,73,48
2013/5/1,71,50
2013/5/2,78,51
2013/5/3,84,57
2013/5/4,86,60
2013/5/5,84,59
2013/5/6,77,59
2013/5/7,71,55
2013/5/8,86,51
2013/5/9,89,55
2013/5/10,86,53
2013/5/11,82,59
2013/5/12,86,51
2013/5/13,82,55
2013/5/14,75,57
2013/5/15,78,57
2013/5/16,82,60
2013/5/17,80,53
2013/5/18,86,59
2013/5/19,86,59
2013/5/20,82,59
2013/5/21,84,62
2013/5/22,78,59
2013/5/23,82,59
2013/5/24,75,60
2013/5/25,77,60
2013/5/26,75,59
2013/5/27,84,55
2013/5/28,91,62
2013/5/29,89,60
2013/5/30,86,62
2013/5/31,84,62
2013/6/1,89,64
2013/6/2,84,62
2013/6/3,80,64
2013/6/4,73,66
2013/6/5,73,66
2013/6/6,73,64
2013/6/7,69,59
2013/6/8,77,57
2013/6/9,77,59
2013/6/10,84,60
2013/6/11,86,66
2013/6/12,86,66
2013/6/13,91,69
2013/6/14,84,66
2013/6/15,84,66
2013/6/16,89,68
2013/6/17,91,69
2013/6/18,89,71
2013/6/19,86,68
2013/6/20,77,68
2013/6/21,86,66
2013/6/22,87,68
2013/6/23,84,68
2013/6/24,87,68
2013/6/25,93,69
2013/6/26,89,66
2013/6/27,84,68
2013/6/28,82,71
2013/6/29,82,66
2013/6/30,93,69
2013/7/1,96,73
2013/7/2,95,69
2013/7/3,95,71
2013/7/4,95,75
2013/7/5,91,71
2013/7/6,87,68
2013/7/7,78,68
2013/7/8,78,69
2013/7/9,80,68
2013/7/10,87,68
2013/7/11,86,73
2013/7/12,86,68
2013/7/13,78,69
2013/7/14,93,68
2013/7/15,91,69
2013/7/16,82,69
2013/7/17,86,71
2013/7/18,87,71
2013/7/19,89,73
2013/7/20,87,71
2013/7/21,86,69
2013/7/22,96,71
2013/7/23,93,71
2013/7/24,84,73
2013/7/25,80,73
2013/7/26,98,73
2013/7/27,91,75
2013/7/28,87,71
2013/7/29,82,69
2013/7/30,86,71
2013/7/31,87,69
2013/8/1,91,73
2013/8/2,93,71
2013/8/3,86,69
2013/8/4,84,69
2013/8/5,93,71
2013/8/6,95,71
2013/8/7,93,73
2013/8/8,87,69
2013/8/9,84,69
2013/8/10,86,71
2013/8/11,89,75
2013/8/12,91,75
2013/8/13,89,78
2013/8/14,91,77
2013/8/15,96,71
2013/8/16,95,68
2013/8/17,91,68
2013/8/18,86,71
2013/8/19,84,69
2013/8/20,82,68
2013/8/21,89,64
2013/8/22,91,64
2013/8/23,93,64
2013/8/24,93,68
2013/8/25,82,68
2013/8/26,82,68
2013/8/27,84,60
2013/8/28,77,57
2013/8/29,86,57
2013/8/30,86,59
2013/8/31,80,60
2013/9/1,78,64
2013/9/2,75,62
2013/9/3,75,60
2013/9/4,80,60
2013/9/5,82,60
2013/9/6,77,62
2013/9/7,78,62
2013/9/8,80,60
2013/9/9,80,60
2013/9/10,80,64
2013/9/11,82,62
2013/9/12,87,57
2013/9/13,78,59
2013/9/14,77,59
2013/9/15,75,62
2013/9/16,75,62
2013/9/17,77,57
2013/9/18,80,60
2013/9/19,80,60
2013/9/20,75,60
2013/9/21,71,50
2013/9/22,71,46
2013/9/23,75,42
2013/9/24,78,46
2013/9/25,78,46
2013/9/26,73,53
2013/9/27,71,57
2013/9/28,69,60
2013/9/29,68,44
2013/9/30,75,46
2013/10/1,71,46
2013/10/2,75,51
2013/10/3,71,53
2013/10/4,69,53
2013/10/5,75,51
2013/10/6,69,53
2013/10/7,75,55
2013/10/8,71,42
2013/10/9,73,46
2013/10/10,73,53
2013/10/11,64,51
2013/10/12,59,35
2013/10/13,59,32
2013/10/14,64,37
2013/10/15,66,39
2013/10/16,62,44
2013/10/17,64,33
2013/10/18,66,41
2013/10/19,62,39
2013/10/20,60,39
2013/10/21,59,35
2013/10/22,59,35
2013/10/23,64,32
2013/10/24,66,33
2013/10/25,64,39
2013/10/26,59,39
2013/10/27,60,30
2013/10/28,62,33
2013/10/29,57,33
2013/10/30,53,35
2013/10/31,59,39
2013/11/1,62,32
2013/11/2,60,35
2013/11/3,60,35
2013/11/4,62,32
2013/11/5,59,32
2013/11/6,55,35
2013/11/7,60,28
2013/11/8,53,26
2013/11/9,55,28
2013/11/10,55,28
2013/11/11,53,32
2013/11/12,57,26
2013/11/13,57,35
2013/11/14,53,28
2013/11/15,50,26
2013/11/16,48,24
2013/11/17,50,23
2013/11/18,50,23
2013/11/19,51,24
2013/11/20,51,24
2013/11/21,53,30
2013/11/22,46,24
2013/11/23,44,23
2013/11/24,44,19
2013/11/25,32,15
2013/11/26,42,19
2013/11/27,50,23
2013/11/28,50,21
2013/11/29,51,19
2013/11/30,50,24
2013/12/1,55,23
2013/12/2,53,24
2013/12/3,53,21
2013/12/4,51,21
2013/12/5,50,26
2013/12/6,50,24
2013/12/7,42,19
2013/12/8,44,19
2013/12/9,41,21
2013/12/10,35,14
2013/12/11,39,17
2013/12/12,39,12
2013/12/13,37,14
2013/12/14,33,23
2013/12/15,33,14
2013/12/16,33,14
2013/12/17,33,14
2013/12/18,35,12
2013/12/19,35,14
2013/12/20,35,15
2013/12/21,37,14
2013/12/22,37,14
2013/12/23,42,15
2013/12/24,33,10
2013/12/25,30,15
2013/12/26,33,10
2013/12/27,41,12
2013/12/28,42,17
2013/12/29,46,19
2013/12/30,50,19
2013/12/31,44,24
2014/1/1,48,15
2014/1/2,39,23
2014/1/3,42,19
2014/1/4,35,23
2014/1/5,42,15
2014/1/6,30,6
2014/1/7,32,5
2014/1/8,35,8
2014/1/9,37,19
2014/1/10,33,6
2014/1/11,33,8
2014/1/12,37,10
2014/1/13,37,17
2014/1/14,39,21
2014/1/15,39,14
2014/1/16,42,19
2014/1/17,42,19
2014/1/18,35,12
2014/1/19,41,14
2014/1/20,41,19
2014/1/21,37,17
2014/1/22,44,19
2014/1/23,44,19
2014/1/24,37,15
2014/1/25,50,15
2014/1/26,41,15
2014/1/27,41,23
2014/1/28,44,19
2014/1/29,39,23
2014/1/30,39,28
2014/1/31,48,17
2014/2/1,33,10
2014/2/2,32,8
2014/2/3,32,15
2014/2/4,30,17
2014/2/5,28,17
2014/2/6,30,10
2014/2/7,26,6
2014/2/8,30,5
2014/2/9,30,8
2014/2/10,35,14
2014/2/11,30,15
2014/2/12,35,15
2014/2/13,37,19
2014/2/14,41,19
2014/2/15,37,19
2014/2/16,35,21
2014/2/17,41,17
2014/2/18,39,21
2014/2/19,37,23
2014/2/20,39,28
2014/2/21,39,28
2014/2/22,44,32
2014/2/23,48,32
2014/2/24,48,32
2014/2/25,46,21
2014/2/26,41,23
2014/2/27,50,21
2014/2/28,50,24
2014/3/1,42,30
2014/3/2,46,19
2014/3/3,46,21
2014/3/4,44,19
2014/3/5,44,24
2014/3/6,46,23
2014/3/7,50,21
2014/3/8,51,30
2014/3/9,51,32
2014/3/10,48,23
2014/3/11,51,32
2014/3/12,60,30
2014/3/13,66,37
2014/3/14,62,37
2014/3/15,66,35
2014/3/16,60,41
2014/3/17,51,39
2014/3/18,62,32
2014/3/19,68,37
2014/3/20,73,35
2014/3/21,68,37
2014/3/22,71,41
2014/3/23,73,44
2014/3/24,71,46
2014/3/25,69,51
2014/3/26,66,48
2014/3/27,71,42
2014/3/28,75,44
2014/3/29,69,46
2014/3/30,73,50
2014/3/31,69,44
2014/4/1,66,39
2014/4/2,73,41
2014/4/3,69,37
2014/4/4,77,41
2014/4/5,78,46
2014/4/6,75,50
2014/4/7,82,44
2014/4/8,62,48
2014/4/9,64,48
2014/4/10,71,44
2014/4/11,73,50
2014/4/12,75,57
2014/4/13,75,51
2014/4/14,68,51
2014/4/15,62,48
2014/4/16,66,50
2014/4/17,59,42
2014/4/18,69,48
2014/4/19,77,44
2014/4/20,78,50
2014/4/21,78,57
2014/4/22,73,57
2014/4/23,75,53
2014/4/24,71,46
2014/4/25,77,46
2014/4/26,77,48
2014/4/27,80,50
2014/4/28,84,55
2014/4/29,80,53
2014/4/30,71,50
2014/5/1,73,46
2014/5/2,66,41
2014/5/3,69,42
2014/5/4,69,46
2014/5/5,77,50
2014/5/6,73,55
2014/5/7,68,57
2014/5/8,66,50
2014/5/9,57,44
2014/5/10,84,59
2014/5/11,84,59
2014/5/12,73,44
2014/5/13,80,59
2014/5/14,80,55
2014/5/15,82,57
2014/5/16,86,62
2014/5/17,86,59
2014/5/18,87,60
2014/5/19,87,62
2014/5/20,95,69
2014/5/21,91,64
2014/5/22,75,62
2014/5/23,84,57
2014/5/24,93,57
2014/5/25,89,60
2014/5/26,96,68
2014/5/27,98,69
2014/5/28,98,71
2014/5/29,91,71
2014/5/30,84,64
2014/5/31,80,60
2014/6/1,87,66
2014/6/2,87,66
2014/6/3,89,69
2014/6/4,80,64
2014/6/5,87,60
2014/6/6,86,60
2014/6/7,84,57
2014/6/8,82,60
2014/6/9,84,62
2014/6/10,93,66
2014/6/11,87,66
2014/6/12,89,69
2014/6/13,91,69
2014/6/14,84,66
2014/6/15,80,66
2014/6/16,84,62
2014/6/17,82,64
2014/6/18,80,64
2014/6/19,80,64
2014/6/20,82,62
2014/6/21,87,64
2014/6/22,89,68
2014/6/23,80,69
2014/6/24,87,71
2014/6/25,95,66
2014/6/26,96,66
2014/6/27,93,69
2014/6/28,89,71
2014/6/29,89,69
2014/6/30,82,69
2014/7/1,82,71
2014/7/2,87,71
2014/7/3,87,71
2014/7/4,87,75
2014/7/5,87,73
2014/7/6,93,69
2014/7/7,89,66
2014/7/8,95,68
2014/7/9,95,68
2014/7/10,93,68
2014/7/11,95,69
2014/7/12,95,68
2014/7/13,93,71
2014/7/14,86,71
2014/7/15,87,73
2014/7/16,93,75
2014/7/17,95,77
2014/7/18,95,78
2014/7/19,89,75
2014/7/20,86,71
2014/7/21,89,68
2014/7/22,84,71
2014/7/23,93,68
2014/7/24,95,71
2014/7/25,95,71
2014/7/26,95,71
2014/7/27,89,68
2014/7/28,84,71
2014/7/29,89,73
2014/7/30,89,75
2014/7/31,91,77
2014/8/1,91,71
2014/8/2,82,66
2014/8/3,84,66
2014/8/4,91,66
2014/8/5,87,68
2014/8/6,87,68
2014/8/7,86,68
2014/8/8,89,68
2014/8/9,89,66
2014/8/10,89,60
2014/8/11,73,60
2014/8/12,86,64
2014/8/13,86,64
2014/8/14,87,66
2014/8/15,86,66
2014/8/16,86,64
2014/8/17,89,68
2014/8/18,91,69
2014/8/19,89,71
2014/8/20,87,68
2014/8/21,87,69
2014/8/22,87,64
2014/8/23,89,62
2014/8/24,89,64
2014/8/25,93,64
2014/8/26,80,62
2014/8/27,80,62
2014/8/28,78,62
2014/8/29,77,64
2014/8/30,77,66
2014/8/31,71,60
2014/9/1,84,60
2014/9/2,89,59
2014/9/3,86,68
2014/9/4,80,68
2014/9/5,84,66
2014/9/6,84,57
2014/9/7,82,57
2014/9/8,84,60
2014/9/9,80,60
2014/9/10,77,62
2014/9/11,78,60
2014/9/12,77,55
2014/9/13,80,48
2014/9/14,75,51
2014/9/15,73,51
2014/9/16,77,51
2014/9/17,75,59
2014/9/18,78,57
2014/9/19,73,59
2014/9/20,73,60
2014/9/21,66,57
2014/9/22,73,53
2014/9/23,71,60
2014/9/24,71,57
2014/9/25,75,53
2014/9/26,73,53
2014/9/27,73,42
2014/9/28,60,46
2014/9/29,59,51
2014/9/30,68,50
2014/10/1,64,50
2014/10/2,59,50
2014/10/3,68,41
2014/10/4,68,42
2014/10/5,71,50
2014/10/6,69,50
2014/10/7,71,51
2014/10/8,71,53
2014/10/9,69,51
2014/10/10,62,41
2014/10/11,62,35
2014/10/12,66,37
2014/10/13,71,35
2014/10/14,69,37
2014/10/15,71,41
2014/10/16,73,48
2014/10/17,69,44
2014/10/18,69,44
2014/10/19,60,39
2014/10/20,59,41
2014/10/21,60,50
2014/10/22,64,50
2014/10/23,64,48
2014/10/24,64,33
2014/10/25,57,33
2014/10/26,59,37
2014/10/27,59,44
2014/10/28,59,44
2014/10/29,57,46
2014/10/30,60,39
2014/10/31,51,32
2014/11/1,59,37
2014/11/2,57,39
2014/11/3,62,41
2014/11/4,51,32
2014/11/5,48,30
2014/11/6,53,28
2014/11/7,57,28
2014/11/8,59,33
2014/11/9,55,30
2014/11/10,48,30
2014/11/11,51,23
2014/11/12,51,24
2014/11/13,48,30
2014/11/14,50,26
2014/11/15,51,24
2014/11/16,53,26
2014/11/17,46,28
2014/11/18,51,26
2014/11/19,53,26
2014/11/20,51,28
2014/11/21,46,26
2014/11/22,51,23
2014/11/23,48,26
2014/11/24,46,28
2014/11/25,42,30
2014/11/26,46,24
2014/11/27,42,32
2014/11/28,44,19
2014/11/29,28,14
2014/11/30,33,14
2014/12/1,32,10
2014/12/2,32,12
2014/12/3,37,15
2014/12/4,35,19
2014/12/5,39,14
2014/12/6,39,12
2014/12/7,33,26
2014/12/8,39,17
2014/12/9,33,17
2014/12/10,35,12
2014/12/11,39,14
2014/12/12,35,17
2014/12/13,30,15
2014/12/14,39,14
2014/12/15,39,17
2014/12/16,39,17
2014/12/17,35,12
2014/12/18,35,12
2014/12/19,41,15
2014/12/20,46,24
2014/12/21,41,17
2014/12/22,42,17
2014/12/23,39,17
2014/12/24,41,15
2014/12/25,44,15
2014/12/26,50,17
2014/12/27,41,19
2014/12/28,30,10
2014/12/29,35,15
2014/12/30,44,15
2014/12/31,42,19
2015/1/1,41,24
2015/1/2,44,19
2015/1/3,41,15
2015/1/4,35,14
2015/1/5,39,21
2015/1/6,42,14
2015/1/7,46,19
2015/1/8,41,15
2015/1/9,39,17
2015/1/10,37,17
2015/1/11,33,17
2015/1/12,35,21
2015/1/13,37,12
2015/1/14,39,17
2015/1/15,42,14
2015/1/16,41,17
2015/1/17,41,24
2015/1/18,41,15
2015/1/19,41,15
2015/1/20,42,17
2015/1/21,37,17
2015/1/22,39,19
2015/1/23,39,14
2015/1/24,33,10
2015/1/25,30,17
2015/1/26,39,17
2015/1/27,35,10
2015/1/28,37,10
2015/1/29,33,14
2015/1/30,35,23
2015/1/31,44,23
2015/2/1,41,19
2015/2/2,44,17
2015/2/3,46,24
2015/2/4,35,17
2015/2/5,33,15
2015/2/6,41,15
2015/2/7,51,26
2015/2/8,46,15
2015/2/9,44,17
2015/2/10,48,21
2015/2/11,51,23
2015/2/12,50,24
2015/2/13,51,24
2015/2/14,51,26
2015/2/15,48,23
2015/2/16,44,24
2015/2/17,39,26
2015/2/18,44,19
2015/2/19,37,15
2015/2/20,41,14
2015/2/21,39,26
2015/2/22,41,17
2015/2/23,41,14
2015/2/24,39,26
2015/2/25,33,21
2015/2/26,48,21
2015/2/27,51,24
2015/2/28,39,24
2015/3/1,42,15
2015/3/2,46,23
2015/3/3,50,23
2015/3/4,51,28
2015/3/5,53,26
2015/3/6,41,17
2015/3/7,48,23
2015/3/8,50,21
2015/3/9,51,23
2015/3/10,55,26
2015/3/11,53,32
2015/3/12,60,35
2015/3/13,62,39
2015/3/14,59,33
2015/3/15,57,39
2015/3/16,66,37
2015/3/17,66,42
2015/3/18,66,41
2015/3/19,55,26
2015/3/20,62,33
2015/3/21,62,32
2015/3/22,64,39
2015/3/23,66,41
2015/3/24,69,44
2015/3/25,69,41
2015/3/26,69,44
2015/3/27,71,46
2015/3/28,57,39
2015/3/29,51,37
2015/3/30,53,39
2015/3/31,60,39
2015/4/1,59,44
2015/4/2,60,37
2015/4/3,53,30
2015/4/4,57,33
2015/4/5,57,39
2015/4/6,62,35
2015/4/7,66,44
2015/4/8,59,39
2015/4/9,48,41
2015/4/10,64,37
2015/4/11,75,48
2015/4/12,77,53
2015/4/13,68,42
2015/4/14,77,51
2015/4/15,62,48
2015/4/16,68,37
2015/4/17,69,44
2015/4/18,80,42
2015/4/19,78,51
2015/4/20,82,41
2015/4/21,80,48
2015/4/22,87,53
2015/4/23,87,59
2015/4/24,82,57
2015/4/25,75,55
2015/4/26,78,53
2015/4/27,84,59
2015/4/28,75,53
2015/4/29,77,53
2015/4/30,75,48
2015/5/1,77,51
2015/5/2,78,50
2015/5/3,71,51
2015/5/4,77,53
2015/5/5,68,46
2015/5/6,57,51
2015/5/7,53,48
2015/5/8,68,46
2015/5/9,84,48
2015/5/10,87,66
2015/5/11,80,55
2015/5/12,77,48
2015/5/13,84,59
2015/5/14,86,59
2015/5/15,84,57
2015/5/16,80,53
2015/5/17,82,53
2015/5/18,86,53
2015/5/19,87,55
2015/5/20,87,60
2015/5/21,89,68
2015/5/22,93,64
2015/5/23,93,66
2015/5/24,87,64
2015/5/25,87,68
2015/5/26,78,60
2015/5/27,86,60
2015/5/28,93,69
2015/5/29,91,71
2015/5/30,91,59
2015/5/31,89,69
2015/6/1,78,60
2015/6/2,87,62
2015/6/3,87,60
2015/6/4,82,57
2015/6/5,89,62
2015/6/6,84,68
2015/6/7,80,62
2015/6/8,86,60
2015/6/9,84,62
2015/6/10,80,53
2015/6/11,87,60
2015/6/12,87,68
2015/6/13,86,68
2015/6/14,87,64
2015/6/15,87,66
2015/6/16,77,55
2015/6/17,87,62
2015/6/18,89,68
2015/6/19,87,68
2015/6/20,86,68
2015/6/21,84,69
2015/6/22,78,68
2015/6/23,82,68
2015/6/24,86,71
2015/6/25,86,73
2015/6/26,80,64
2015/6/27,82,60
2015/6/28,89,59
2015/6/29,89,59
2015/6/30,89,62
2015/7/1,82,64
2015/7/2,86,62
2015/7/3,87,66
2015/7/4,91,66
2015/7/5,91,68
2015/7/6,89,69
2015/7/7,87,71
2015/7/8,93,71
2015/7/9,100,73
2015/7/10,100,73
2015/7/11,96,71
2015/7/12,84,68
2015/7/13,82,68
2015/7/14,82,68
2015/7/15,78,68
2015/7/16,78,68
2015/7/17,80,71
2015/7/18,84,69
2015/7/19,82,68
2015/7/20,87,68
2015/7/21,87,68
2015/7/22,91,71
2015/7/23,89,71
2015/7/24,86,69
2015/7/25,82,68
2015/7/26,82,71
2015/7/27,84,71
2015/7/28,84,69
2015/7/29,87,71
2015/7/30,86,73
2015/7/31,86,68
2015/8/1,89,66
2015/8/2,86,69
2015/8/3,86,69
2015/8/4,87,73
2015/8/5,87,71
2015/8/6,89,68
2015/8/7,89,66
2015/8/8,93,69
2015/8/9,95,73
2015/8/10,91,73
2015/8/11,86,68
2015/8/12,93,68
2015/8/13,93,69
2015/8/14,87,66
2015/8/15,87,64
2015/8/16,78,64
2015/8/17,89,64
2015/8/18,89,64
2015/8/19,86,64
2015/8/20,80,64
2015/8/21,86,66
2015/8/22,86,68
2015/8/23,87,66
2015/8/24,87,66
2015/8/25,89,66
2015/8/26,82,64
2015/8/27,78,64
2015/8/28,73,64
2015/8/29,75,62
2015/8/30,84,62
2015/8/31,87,66
2015/9/1,73,62
2015/9/2,71,60
2015/9/3,78,62
2015/9/4,84,60
2015/9/5,80,62
2015/9/6,73,64
2015/9/7,69,57
2015/9/8,69,55
2015/9/9,77,50
2015/9/10,82,55
2015/9/11,78,55
2015/9/12,78,55
2015/9/13,80,57
2015/9/14,78,60
2015/9/15,82,59
2015/9/16,80,55
2015/9/17,82,60
2015/9/18,80,60
2015/9/19,78,53
2015/9/20,78,60
2015/9/21,78,59
2015/9/22,78,51
2015/9/23,78,51
2015/9/24,77,57
2015/9/25,62,53
2015/9/26,62,51
2015/9/27,66,55
2015/9/28,71,46
2015/9/29,77,48
2015/9/30,75,48
2015/10/1,75,53
2015/10/2,77,55
2015/10/3,75,57
2015/10/4,77,51
2015/10/5,66,42
2015/10/6,66,41
2015/10/7,60,44
2015/10/8,69,39
2015/10/9,73,41
2015/10/10,77,44
2015/10/11,69,41
2015/10/12,75,46
2015/10/13,75,50
2015/10/14,71,51
2015/10/15,64,42
2015/10/16,68,48
2015/10/17,55,48
2015/10/18,51,46
2015/10/19,53,44
2015/10/20,62,46
2015/10/21,62,41
2015/10/22,59,44
2015/10/23,59,39
2015/10/24,60,32
2015/10/25,57,35
2015/10/26,53,28
2015/10/27,55,26
2015/10/28,59,30
2015/10/29,62,33
2015/10/30,66,35
2015/10/31,62,37
2015/11/1,59,44
2015/11/2,50,32
2015/11/3,37,32
2015/11/4,42,35
2015/11/5,46,30
2015/11/6,53,33
2015/11/7,44,39
2015/11/8,44,41
2015/11/9,46,42
2015/11/10,46,42
2015/11/11,50,42
2015/11/12,53,39
2015/11/13,48,33
2015/11/14,50,32
2015/11/15,42,33
2015/11/16,39,32
2015/11/17,37,30
2015/11/18,32,26
2015/11/19,28,24
2015/11/20,30,17
2015/11/21,26,15
2015/11/22,28,14
2015/11/23,28,14
2015/11/24,28,15
2015/11/25,35,21
2015/11/26,41,23
2015/11/27,39,26
2015/11/28,35,24
2015/11/29,37,24
2015/11/30,35,21
2015/12/1,41,24
2015/12/2,41,21
2015/12/3,39,24
2015/12/4,39,26
2015/12/5,35,32
2015/12/6,37,32
2015/12/7,50,23
2015/12/8,39,21
2015/12/9,39,21
2015/12/10,37,26
2015/12/11,41,26
2015/12/12,37,24
2015/12/13,35,15
2015/12/14,37,19
2015/12/15,42,17
2015/12/16,37,21
2015/12/17,39,19
2015/12/18,39,21
2015/12/19,39,21
2015/12/20,42,19
2015/12/21,41,19
2015/12/22,37,21
2015/12/23,37,17
2015/12/24,26,14
2015/12/25,35,15
2015/12/26,37,21
2015/12/27,41,17
2015/12/28,39,19
2015/12/29,41,21
2015/12/30,41,19
2015/12/31,37,21
2016/1/1,33,15
2016/1/2,32,14
2016/1/3,35,15
2016/1/4,33,14
2016/1/5,33,12
2016/1/6,35,14
2016/1/7,32,12
2016/1/8,28,14
2016/1/9,30,8
2016/1/10,33,10
2016/1/11,33,12
2016/1/12,35,19
2016/1/13,28,19
2016/1/14,26,10
2016/1/15,21,1
2016/1/16,26,6
2016/1/17,26,12
2016/1/18,26,10
2016/1/19,19,-4
2016/1/20,10,1
2016/1/21,26,8
2016/1/22,33,17
2016/1/23,33,8
2016/1/24,33,14
2016/1/25,37,14
2016/1/26,30,15
2016/1/27,26,10
2016/1/28,32,12
2016/1/29,35,10
2016/1/30,37,12
2016/1/31,41,19
2016/2/1,37,19
2016/2/2,39,15
2016/2/3,42,15
2016/2/4,46,17
2016/2/5,53,23
2016/2/6,48,23
2016/2/7,46,26
2016/2/8,42,28
2016/2/9,50,33
2016/2/10,37,15
2016/2/11,30,15
2016/2/12,39,19
2016/2/13,44,21
2016/2/14,48,24
2016/2/15,46,24
2016/2/16,44,19
2016/2/17,37,17
2016/2/18,41,21
2016/2/19,44,23
2016/2/20,37,14
2016/2/21,42,19
2016/2/22,42,15
2016/2/23,44,21
2016/2/24,42,23
2016/2/25,44,21
2016/2/26,39,19
2016/2/27,50,24
2016/2/28,60,32
2016/2/29,60,37
2016/3/1,51,32
2016/3/2,53,26
2016/3/3,51,26
2016/3/4,51,26
2016/3/5,41,24
2016/3/6,39,19
2016/3/7,42,19
2016/3/8,44,23
2016/3/9,46,28
2016/3/10,51,23
2016/3/11,57,33
2016/3/12,57,30
2016/3/13,60,39
2016/3/14,64,41
2016/3/15,68,35
2016/3/16,60,33
2016/3/17,60,35
2016/3/18,66,42
2016/3/19,55,37
2016/3/20,57,32
2016/3/21,57,32
2016/3/22,57,37
2016/3/23,66,37
2016/3/24,69,35
2016/3/25,71,42
2016/3/26,69,39
2016/3/27,71,41
2016/3/28,75,53
2016/3/29,71,51
2016/3/30,62,42
2016/3/31,64,37
2016/4/1,71,41
2016/4/2,73,48
2016/4/3,71,50
2016/4/4,75,46
2016/4/5,77,46
2016/4/6,78,41
2016/4/7,64,35
2016/4/8,62,44
2016/4/9,66,42
2016/4/10,78,44
2016/4/11,73,44
2016/4/12,71,51
2016/4/13,69,48
2016/4/14,66,44
2016/4/15,68,42
2016/4/16,55,46
2016/4/17,77,46
2016/4/18,87,53
2016/4/19,75,46
2016/4/20,73,41
2016/4/21,78,55
2016/4/22,82,55
2016/4/23,75,53
2016/4/24,62,48
2016/4/25,77,51
2016/4/26,80,55
2016/4/27,86,57
2016/4/28,91,60
2016/4/29,68,48
2016/4/30,78,46
2016/5/1,80,55
2016/5/2,78,53
2016/5/3,75,48
2016/5/4,77,50
2016/5/5,78,53
2016/5/6,69,50
2016/5/7,80,59
2016/5/8,82,60
2016/5/9,73,44
2016/5/10,77,53
2016/5/11,57,50
2016/5/12,75,46
2016/5/13,84,55
2016/5/14,87,57
2016/5/15,82,60
2016/5/16,84,57
2016/5/17,84,59
2016/5/18,82,59
2016/5/19,84,60
2016/5/20,75,53
2016/5/21,84,59
2016/5/22,82,59
2016/5/23,84,57
2016/5/24,87,60
2016/5/25,86,59
2016/5/26,86,62
2016/5/27,91,68
2016/5/28,82,60
2016/5/29,86,62
2016/5/30,87,60
2016/5/31,84,64
2016/6/1,82,64
2016/6/2,86,62
2016/6/3,86,64
2016/6/4,75,57
2016/6/5,86,64
2016/6/6,89,66
2016/6/7,87,66
2016/6/8,86,60
2016/6/9,87,64
2016/6/10,75,62
2016/6/11,77,64
2016/6/12,86,59
2016/6/13,93,68
2016/6/14,91,66
2016/6/15,89,64
2016/6/16,95,69
2016/6/17,91,69
2016/6/18,91,73
2016/6/19,93,69
2016/6/20,91,66
2016/6/21,89,68
2016/6/22,95,66
2016/6/23,95,71
2016/6/24,89,66
2016/6/25,78,64
2016/6/26,82,68
2016/6/27,87,69
2016/6/28,86,66
2016/6/29,89,66
2016/6/30,87,71
2016/7/1,84,68
2016/7/2,87,69
2016/7/3,89,69
2016/7/4,91,71
2016/7/5,89,73
2016/7/6,91,73
2016/7/7,95,77
2016/7/8,95,71
2016/7/9,89,71
2016/7/10,93,71
2016/7/11,86,68
2016/7/12,80,66
2016/7/13,84,69
2016/7/14,86,71
2016/7/15,91,71
2016/7/16,77,69
2016/7/17,75,68
2016/7/18,82,73
2016/7/19,89,77
2016/7/20,91,77
2016/7/21,91,73
2016/7/22,82,71
2016/7/23,91,73
2016/7/24,93,75
2016/7/25,89,71
2016/7/26,89,73
2016/7/27,84,75
2016/7/28,89,73
2016/7/29,87,73
2016/7/30,91,71
2016/7/31,93,75
2016/8/1,89,75
2016/8/2,89,75
2016/8/3,91,73
2016/8/4,84,69
2016/8/5,87,69
2016/8/6,87,71
2016/8/7,91,78
2016/8/8,89,78
2016/8/9,86,75
2016/8/10,91,73
2016/8/11,89,73
2016/8/12,84,66
2016/8/13,87,68
2016/8/14,82,73
2016/8/15,75,71
2016/8/16,89,68
2016/8/17,87,69
2016/8/18,89,73
2016/8/19,87,73
2016/8/20,84,73
2016/8/21,89,75
2016/8/22,87,62
2016/8/23,82,57
2016/8/24,86,62
2016/8/25,86,59
2016/8/26,86,62
2016/8/27,84,64
2016/8/28,91,64
2016/8/29,77,62
2016/8/30,80,60
2016/8/31,86,64
2016/9/1,84,60
2016/9/2,86,62
2016/9/3,82,64
2016/9/4,86,64
2016/9/5,86,60
2016/9/6,87,64
2016/9/7,84,66
2016/9/8,69,59
2016/9/9,78,62
2016/9/10,78,64
2016/9/11,86,66
2016/9/12,84,66
2016/9/13,84,64
2016/9/14,75,62
2016/9/15,68,55
2016/9/16,77,51
2016/9/17,78,55
2016/9/18,73,57
2016/9/19,78,59
2016/9/20,80,64
2016/9/21,84,66
2016/9/22,78,62
2016/9/23,73,60
2016/9/24,71,51
2016/9/25,66,42
2016/9/26,71,50
2016/9/27,73,51
2016/9/28,75,55
2016/9/29,78,59
2016/9/30,82,57
2016/10/1,69,50
2016/10/2,75,51
2016/10/3,55,48
2016/10/4,64,35
2016/10/5,62,41
2016/10/6,64,42
2016/10/7,66,44
2016/10/8,66,46
2016/10/9,69,53
2016/10/10,73,51
2016/10/11,62,50
2016/10/12,68,51
2016/10/13,68,44
2016/10/14,69,50
2016/10/15,71,55
2016/10/16,59,50
2016/10/17,55,50
2016/10/18,57,41
2016/10/19,59,39
2016/10/20,55,39
2016/10/21,62,46
2016/10/22,57,44
2016/10/23,51,39
2016/10/24,53,32
2016/10/25,50,30
2016/10/26,53,35
2016/10/27,41,26
2016/10/28,44,23
2016/10/29,51,30
2016/10/30,59,33
2016/10/31,59,37
2016/11/1,60,32
2016/11/2,48,35
2016/11/3,53,32
2016/11/4,48,24
2016/11/5,48,33
2016/11/6,44,30
2016/11/7,50,30
2016/11/8,51,33
2016/11/9,51,33
2016/11/10,53,24
2016/11/11,50,26
2016/11/12,51,32
2016/11/13,44,37
2016/11/14,50,41
2016/11/15,55,33
2016/11/16,39,28
2016/11/17,30,10
2016/11/18,30,15
2016/11/19,35,17
2016/11/20,37,17
2016/11/21,39,21
2016/11/22,42,23
2016/11/23,44,21
2016/11/24,46,23
2016/11/25,37,24
2016/11/26,46,26
2016/11/27,46,19
2016/11/28,46,23
2016/11/29,39,26
2016/11/30,46,23
2016/12/1,42,17
2016/12/2,41,23
2016/12/3,39,26
2016/12/4,46,23
2016/12/5,39,17
2016/12/6,41,19
2016/12/7,39,26
2016/12/8,41,23
2016/12/9,39,17
2016/12/10,35,14
2016/12/11,42,15
2016/12/12,42,21
2016/12/13,41,21
2016/12/14,44,19
2016/12/15,42,21
2016/12/16,39,24
2016/12/17,37,24
2016/12/18,42,19
2016/12/19,37,15
2016/12/20,37,19
2016/12/21,35,26
2016/12/22,39,14
2016/12/23,35,14
2016/12/24,37,14
2016/12/25,37,14
2016/12/26,35,15
2016/12/27,33,14
2016/12/28,41,23
2016/12/29,41,15
2016/12/30,35,15
2016/12/31,37,19
2017/1/1,35,21
2017/1/2,37,23
2017/1/3,37,23
2017/1/4,41,19
2017/1/5,39,17
2017/1/6,33,17
2017/1/7,39,14
2017/1/8,39,15
2017/1/9,37,19
2017/1/10,35,15
2017/1/11,28,17
2017/1/12,32,21
2017/1/13,37,17
2017/1/14,35,21
2017/1/15,32,12
2017/1/16,30,12
2017/1/17,30,10
2017/1/18,30,8
2017/1/19,33,12
2017/1/20,35,12
2017/1/21,37,17
2017/1/22,44,15
2017/1/23,37,19
2017/1/24,39,21
2017/1/25,32,10
2017/1/26,33,14
2017/1/27,41,15
2017/1/28,39,12
2017/1/29,41,14
2017/1/30,44,24
2017/1/31,44,21
2017/2/1,46,17
2017/2/2,41,19
2017/2/3,33,23
2017/2/4,39,10
2017/2/5,35,21
2017/2/6,37,17
2017/2/7,44,15
2017/2/8,48,23
2017/2/9,51,14
2017/2/10,44,23
2017/2/11,44,30
2017/2/12,48,21
2017/2/13,39,17
2017/2/14,46,24
2017/2/15,57,23
2017/2/16,41,24
2017/2/17,33,21
2017/2/18,41,21
2017/2/19,44,19
2017/2/20,51,21
2017/2/21,51,24
2017/2/22,55,21
2017/2/23,57,30
2017/2/24,57,32
2017/2/25,44,19
2017/2/26,53,24
2017/2/27,57,23
2017/2/28,53,30
2017/3/1,51,23
2017/3/2,48,19
2017/3/3,44,26
2017/3/4,55,30
2017/3/5,57,26
2017/3/6,62,32
2017/3/7,66,39
2017/3/8,55,30
2017/3/9,55,32
2017/3/10,59,30
2017/3/11,59,33
2017/3/12,62,41
2017/3/13,60,35
2017/3/14,66,33
2017/3/15,62,41
2017/3/16,51,37
2017/3/17,59,33
2017/3/18,57,37
2017/3/19,48,32
2017/3/20,41,28
2017/3/21,55,35
2017/3/22,57,35
2017/3/23,57,37
2017/3/24,60,35
2017/3/25,66,39
2017/3/26,57,37
2017/3/27,60,39
2017/3/28,68,37
2017/3/29,73,37
2017/3/30,77,50
2017/3/31,69,53
2017/4/1,66,46
2017/4/2,73,48
2017/4/3,66,51
2017/4/4,66,41
2017/4/5,66,42
2017/4/6,66,48
2017/4/7,71,41
2017/4/8,75,42
2017/4/9,68,42
2017/4/10,78,48
2017/4/11,86,53
2017/4/12,80,53
2017/4/13,80,50
2017/4/14,73,44
2017/4/15,62,48
2017/4/16,73,48
2017/4/17,69,44
2017/4/18,78,51
2017/4/19,75,46
2017/4/20,75,46
2017/4/21,66,42
2017/4/22,75,46
2017/4/23,80,48
2017/4/24,86,53
2017/4/25,91,60
2017/4/26,82,50
2017/4/27,82,53
2017/4/28,82,59
2017/4/29,80,57
2017/4/30,77,51
2017/5/1,69,46
2017/5/2,82,46
2017/5/3,84,53
2017/5/4,86,55
2017/5/5,84,57
2017/5/6,86,55
2017/5/7,87,48
2017/5/8,86,59
2017/5/9,80,55
2017/5/10,78,55
2017/5/11,82,55
2017/5/12,87,59
2017/5/13,91,62
2017/5/14,96,68
2017/5/15,95,69
2017/5/16,95,66
2017/5/17,87,60
2017/5/18,62,48
2017/5/19,66,48
2017/5/20,87,59
2017/5/21,86,57
2017/5/22,87,59
2017/5/23,95,66
2017/5/24,95,68
2017/5/25,78,60
2017/5/26,75,57
2017/5/27,91,59
2017/5/28,86,59
2017/5/29,73,51
2017/5/30,82,57
2017/5/31,87,62
2017/6/1,84,55
2017/6/2,66,53
2017/6/3,84,60
2017/6/4,93,66
2017/6/5,98,66
2017/6/6,84,59
2017/6/7,87,60
2017/6/8,80,60
2017/6/9,82,57
2017/6/10,96,66
2017/6/11,98,71
2017/6/12,98,71
2017/6/13,93,73
2017/6/14,93,69
2017/6/15,86,64
2017/6/16,91,68
2017/6/17,86,66
2017/6/18,71,64
2017/6/19,69,62
2017/6/20,80,62
2017/6/21,82,64
2017/6/22,93,66
2017/6/23,93,68
2017/6/24,93,71
2017/6/25,93,69
2017/6/26,95,73
2017/6/27,95,71
2017/6/28,95,73
2017/6/29,95,73
2017/6/30,80,71
2017/7/1,87,71
2017/7/2,84,73
2017/7/3,87,73
2017/7/4,93,73
2017/7/5,93,73
2017/7/6,93,73
2017/7/7,96,77
2017/7/8,96,78
2017/7/9,96,75
2017/7/10,93,73
2017/7/11,89,75
2017/7/12,91,75
2017/7/13,93,75
2017/7/14,89,75
2017/7/15,89,75
2017/7/16,91,71
2017/7/17,80,73
2017/7/18,82,73
2017/7/19,80,73
2017/7/20,84,71
2017/7/21,86,69
2017/7/22,71,64
2017/7/23,82,71
2017/7/24,86,69
2017/7/25,86,68
2017/7/26,86,68
2017/7/27,87,71
2017/7/28,87,73
2017/7/29,84,73
2017/7/30,95,73
2017/7/31,96,75
2017/8/1,91,71
2017/8/2,91,73
2017/8/3,96,71
2017/8/4,91,71
2017/8/5,86,71
2017/8/6,89,73
2017/8/7,87,73
2017/8/8,87,69
2017/8/9,82,71
2017/8/10,86,71
2017/8/11,86,71
2017/8/12,80,69
2017/8/13,84,69
2017/8/14,84,69
2017/8/15,82,69
2017/8/16,84,71
2017/8/17,89,73
2017/8/18,84,71
2017/8/19,87,71
2017/8/20,91,68
2017/8/21,87,62
2017/8/22,84,64
2017/8/23,64,60
2017/8/24,82,59
2017/8/25,75,57
2017/8/26,80,62
2017/8/27,78,66
2017/8/28,80,64
2017/8/29,82,64
2017/8/30,84,64
2017/8/31,84,68
2017/9/1,84,62
2017/9/2,87,60
2017/9/3,86,62
2017/9/4,87,66
2017/9/5,84,69
2017/9/6,80,64
2017/9/7,84,51
2017/9/8,80,62
2017/9/9,84,64
2017/9/10,82,66
2017/9/11,80,62
2017/9/12,82,62
2017/9/13,82,57
2017/9/14,84,60
2017/9/15,84,55
2017/9/16,80,55
2017/9/17,84,59
2017/9/18,82,53
2017/9/19,80,59
2017/9/20,82,62
2017/9/21,80,66
2017/9/22,73,51
2017/9/23,73,46
2017/9/24,69,48
2017/9/25,77,50
2017/9/26,77,59
2017/9/27,77,51
2017/9/28,62,42
2017/9/29,66,44
2017/9/30,71,46
2017/10/1,69,48
2017/10/2,71,50
2017/10/3,66,51
2017/10/4,64,51
2017/10/5,59,46
2017/10/6,51,39
2017/10/7,59,41
2017/10/8,53,41
2017/10/9,62,44
2017/10/10,55,44
2017/10/11,62,42
2017/10/12,64,42
2017/10/13,60,50
2017/10/14,59,46
2017/10/15,64,46
2017/10/16,68,50
2017/10/17,64,48
2017/10/18,55,44
2017/10/19,59,39
2017/10/20,64,44
2017/10/21,59,48
2017/10/22,60,44
2017/10/23,64,48
2017/10/24,60,37
2017/10/25,53,32
2017/10/26,57,32
2017/10/27,60,35
2017/10/28,60,39
2017/10/29,62,33
2017/10/30,55,28
2017/10/31,57,33
2017/11/1,59,35
2017/11/2,59,35
2017/11/3,62,35
2017/11/4,59,35
2017/11/5,55,37
2017/11/6,51,24
2017/11/7,50,26
2017/11/8,51,28
2017/11/9,53,26
2017/11/10,46,21
2017/11/11,46,23
2017/11/12,44,24
2017/11/13,41,19
2017/11/14,37,17
2017/11/15,42,17
2017/11/16,48,19
2017/11/17,46,23
2017/11/18,44,17
2017/11/19,42,19
2017/11/20,44,19
2017/11/21,44,17
2017/11/22,39,17
2017/11/23,41,21
2017/11/24,42,17
2017/11/25,32,21
2017/11/26,37,19
2017/11/27,41,17
2017/11/28,41,21
2017/11/29,41,19
2017/11/30,41,15
2017/12/1,41,19
2017/12/2,46,19
2017/12/3,41,17
2017/12/4,42,19
2017/12/5,42,21
2017/12/6,35,17
2017/12/7,33,14
2017/12/8,30,12
2017/12/9,32,17
2017/12/10,32,21
2017/12/11,35,15
2017/12/12,32,12
2017/12/13,33,12
2017/12/14,42,15
2017/12/15,37,19
2017/12/16,41,17
2017/12/17,44,15
2017/12/18,50,15
2017/12/19,42,21
2017/12/20,41,15
2017/12/21,39,21
2017/12/22,35,17
2017/12/23,37,17
2017/12/24,39,19
2017/12/25,35,21
2017/12/26,41,21
2017/12/27,41,17
2017/12/28,37,17
2017/12/29,37,17
2017/12/30,33,21
2017/12/31,33,17
2018/1/1,30,19
2018/1/2,37,19
2018/1/3,35,19
2018/1/4,35,17
2018/1/5,33,15
2018/1/6,33,10
2018/1/7,26,8
2018/1/8,26,12
2018/1/9,33,14
2018/1/10,37,12
2018/1/11,42,15
2018/1/12,35,15
2018/1/13,39,17
2018/1/14,39,14
2018/1/15,39,15
2018/1/16,42,15
2018/1/17,37,14
2018/1/18,32,15
2018/1/19,23,8
2018/1/20,21,5
2018/1/21,23,6
2018/1/22,26,5
2018/1/23,23,6
2018/1/24,28,8
2018/1/25,28,10
2018/1/26,33,12
2018/1/27,37,10
2018/1/28,37,10
2018/1/29,39,12
2018/1/30,28,3
2018/1/31,30,8
2018/2/1,35,12
2018/2/2,30,5
2018/2/3,33,8
2018/2/4,32,8
2018/2/5,35,12
2018/2/6,37,5
2018/2/7,30,6
2018/2/8,30,8
2018/2/9,39,10
2018/2/10,46,19
2018/2/11,42,15
2018/2/12,39,17
2018/2/13,41,17
2018/2/14,41,21
2018/2/15,46,23
2018/2/16,42,23
2018/2/17,41,19
2018/2/18,46,19
2018/2/19,50,17
2018/2/20,50,21
2018/2/21,37,15
2018/2/22,41,21
2018/2/23,51,24
2018/2/24,44,26
2018/2/25,46,23
2018/2/26,46,23
2018/2/27,50,24
2018/2/28,53,35
2018/3/1,48,23
2018/3/2,46,21
2018/3/3,42,23
2018/3/4,41,19
2018/3/5,42,19
2018/3/6,50,23
2018/3/7,57,24
2018/3/8,50,30
2018/3/9,59,35
2018/3/10,62,39
2018/3/11,59,39
2018/3/12,53,23
2018/3/13,48,24
2018/3/14,37,26
2018/3/15,53,28
2018/3/16,59,30
2018/3/17,48,24
2018/3/18,50,28
2018/3/19,59,35
2018/3/20,66,39
2018/3/21,71,35
2018/3/22,77,42
2018/3/23,78,42
2018/3/24,80,48
2018/3/25,77,44
2018/3/26,66,42
2018/3/27,60,44
2018/3/28,75,46
2018/3/29,77,48
2018/3/30,78,50
2018/3/31,53,35
2018/4/1,44,30
2018/4/2,42,33
2018/4/3,50,35
2018/4/4,53,33
2018/4/5,64,39
2018/4/6,68,42
2018/4/7,73,42
2018/4/8,75,44
2018/4/9,69,42
2018/4/10,57,41
2018/4/11,66,41
2018/4/12,69,42
2018/4/13,75,48
2018/4/14,75,50
2018/4/15,77,53
2018/4/16,78,53
2018/4/17,82,53
2018/4/18,60,50
2018/4/19,62,51
2018/4/20,64,44
2018/4/21,71,44
2018/4/22,75,48
2018/4/23,78,48
2018/4/24,77,51
2018/4/25,80,59
2018/4/26,84,59
2018/4/27,77,51
2018/4/28,75,51
2018/4/29,77,51
2018/4/30,73,48
2018/5/1,80,59
2018/5/2,77,55
2018/5/3,82,53
2018/5/4,80,51
2018/5/5,80,53
2018/5/6,82,57
2018/5/7,78,62
2018/5/8,73,57
2018/5/9,82,55
2018/5/10,86,60
2018/5/11,89,69
2018/5/12,84,69
2018/5/13,84,68
2018/5/14,77,62
2018/5/15,82,59
2018/5/16,82,59
2018/5/17,73,57
2018/5/18,75,59
2018/5/19,75,55
2018/5/20,80,57
2018/5/21,87,60
2018/5/22,87,64
2018/5/23,86,60
2018/5/24,89,62
2018/5/25,86,57
2018/5/26,86,59
2018/5/27,91,60
2018/5/28,95,64
2018/5/29,95,68
2018/5/30,95,66
2018/5/31,89,64
2018/6/1,95,68
2018/6/2,100,73
2018/6/3,95,73
2018/6/4,91,68
2018/6/5,89,75
2018/6/6,71,60
2018/6/7,78,60
2018/6/8,82,66
2018/6/9,87,64
2018/6/10,77,60
2018/6/11,84,64
2018/6/12,89,66
2018/6/13,86,68
2018/6/14,82,71
2018/6/15,86,68
2018/6/16,89,66
2018/6/17,95,68
2018/6/18,95,71
2018/6/19,86,69
2018/6/20,95,73
2018/6/21,96,75
2018/6/22,91,73
2018/6/23,96,75
2018/6/24,100,75
2018/6/25,95,73
2018/6/26,98,75
2018/6/27,98,71
2018/6/28,93,71
2018/6/29,89,73
2018/6/30,87,73
2018/7/1,95,75
2018/7/2,96,73
2018/7/3,95,71
2018/7/4,82,71
2018/7/5,82,71
2018/7/6,84,71
2018/7/7,84,69
2018/7/8,86,80
2018/7/9,77,69
2018/7/10,80,71
2018/7/11,82,75
2018/7/12,86,75
2018/7/13,89,77
2018/7/14,86,75
2018/7/15,82,73
2018/7/16,87,75
2018/7/17,84,78
2018/7/18,91,78
2018/7/19,91,78
2018/7/20,89,77
2018/7/21,89,77
2018/7/22,82,73
2018/7/23,93,75
2018/7/24,93,73
2018/7/25,87,71
2018/7/26,89,73
2018/7/27,89,77
2018/7/28,93,75
2018/7/29,95,78
2018/7/30,96,78
2018/7/31,96,80
2018/8/1,96,78
2018/8/2,96,78
2018/8/3,95,77
2018/8/4,84,75
2018/8/5,84,73
2018/8/6,84,73
2018/8/7,86,73
2018/8/8,89,75
2018/8/9,86,73
2018/8/10,84,73
2018/8/11,86,75
2018/8/12,84,75
2018/8/13,89,71
2018/8/14,87,68
2018/8/15,86,71
2018/8/16,82,71
2018/8/17,82,71
2018/8/18,87,68
2018/8/19,89,69
2018/8/20,84,66
2018/8/21,87,68
2018/8/22,87,66
2018/8/23,87,71
2018/8/24,84,71
2018/8/25,86,71
2018/8/26,84,68
2018/8/27,89,66
2018/8/28,82,66
2018/8/29,84,64
2018/8/30,82,66
2018/8/31,78,64
2018/9/1,87,64
2018/9/2,86,62
2018/9/3,86,62
2018/9/4,78,60
2018/9/5,80,57
2018/9/6,80,51
2018/9/7,82,57
2018/9/8,80,64
2018/9/9,77,64
2018/9/10,82,62
2018/9/11,84,66
2018/9/12,80,64
2018/9/13,77,57
2018/9/14,77,53
2018/9/15,80,59
2018/9/16,77,60
2018/9/17,77,60
2018/9/18,78,53
2018/9/19,77,55
2018/9/20,75,51
2018/9/21,75,51
2018/9/22,73,48
2018/9/23,75,51
2018/9/24,75,53
2018/9/25,71,53
2018/9/26,71,48
2018/9/27,66,46
2018/9/28,66,50
2018/9/29,77,50
2018/9/30,75,48
2018/10/1,77,48
2018/10/2,75,50
2018/10/3,75,55
2018/10/4,68,44
2018/10/5,69,39
2018/10/6,69,46
2018/10/7,59,33
2018/10/8,60,35
2018/10/9,62,37
2018/10/10,66,42
2018/10/11,68,44
2018/10/12,68,48
2018/10/13,60,48
2018/10/14,59,41
2018/10/15,60,37
2018/10/16,64,37
2018/10/17,66,39
2018/10/18,64,44
2018/10/19,62,41
2018/10/20,66,39
2018/10/21,64,35
2018/10/22,68,39
2018/10/23,64,44
2018/10/24,55,33
2018/10/25,62,37
2018/10/26,62,33
2018/10/27,57,32
2018/10/28,59,32
2018/10/29,62,32
2018/10/30,62,32
2018/10/31,59,35
2018/11/1,60,39
2018/11/2,50,33
2018/11/3,50,33
2018/11/4,51,28
2018/11/5,51,32
2018/11/6,53,32
2018/11/7,59,30
2018/11/8,51,32
2018/11/9,55,32
2018/11/10,55,32
2018/11/11,53,35
2018/11/12,51,39
2018/11/13,50,28
2018/11/14,46,26
2018/11/15,46,26
2018/11/16,50,23
2018/11/17,50,24
2018/11/18,48,24
2018/11/19,46,24
2018/11/20,44,24
2018/11/21,42,26
2018/11/22,48,23
2018/11/23,50,21
2018/11/24,48,28
2018/11/25,48,23
2018/11/26,46,23
2018/11/27,44,21
2018/11/28,46,23
2018/11/29,44,30
2018/11/30,44,32
2018/12/1,46,24
2018/12/2,37,17
2018/12/3,32,21
2018/12/4,26,10
2018/12/5,23,8
2018/12/6,26,10
2018/12/7,30,10
2018/12/8,30,14
2018/12/9,30,8
2018/12/10,32,12
2018/12/11,37,12
2018/12/12,39,14
2018/12/13,35,14
2018/12/14,44,15
2018/12/15,46,19
2018/12/16,48,19
2018/12/17,46,17
2018/12/18,42,17
2018/12/19,44,21
2018/12/20,46,14
2018/12/21,28,10
2018/12/22,35,10
2018/12/23,37,6
2018/12/24,28,3
2018/12/25,19,6
2018/12/26,24,6
2018/12/27,26,3
2018/12/28,28,6
2018/12/29,28,6
2018/12/30,33,5
2018/12/31,32,8
2019/1/1,35,12
2019/1/2,35,8
2019/1/3,32,10
2019/1/4,35,12
2019/1/5,35,10
2019/1/6,32,6
2019/1/7,33,12
2019/1/8,39,12
2019/1/9,41,17
2019/1/10,41,15
2019/1/11,41,12
2019/1/12,42,10
2019/1/13,28,6
2019/1/14,35,6
2019/1/15,41,12
2019/1/16,42,14
2019/1/17,39,17
2019/1/18,39,14
2019/1/19,48,17
2019/1/20,48,17
2019/1/21,50,19
2019/1/22,41,15
2019/1/23,41,12
2019/1/24,41,14
2019/1/25,44,17
2019/1/26,42,19
2019/1/27,41,21
2019/1/28,37,12
2019/1/29,35,10
2019/1/30,42,14
2019/1/31,39,21
2019/2/1,44,12
2019/2/2,39,14
2019/2/3,37,15
2019/2/4,30,14
2019/2/5,23,12
2019/2/6,30,14
2019/2/7,32,10
2019/2/8,30,8
2019/2/9,37,15
2019/2/10,28,10
2019/2/11,32,15
2019/2/12,24,12
2019/2/13,35,15
2019/2/14,39,15
2019/2/15,42,17
2019/2/16,37,21
2019/2/17,44,17
2019/2/18,48,21
2019/2/19,50,21
2019/2/20,50,24
2019/2/21,53,24
2019/2/22,55,24
2019/2/23,51,23
2019/2/24,50,23
2019/2/25,53,21
2019/2/26,57,26
2019/2/27,59,28
2019/2/28,59,32
2019/3/1,57,30
2019/3/2,60,32
2019/3/3,62,26
2019/3/4,51,24
2019/3/5,55,24
2019/3/6,57,32
2019/3/7,51,32
2019/3/8,55,28
2019/3/9,60,28
2019/3/10,53,30
2019/3/11,60,26
2019/3/12,60,32
2019/3/13,57,26
2019/3/14,66,28
2019/3/15,68,35
2019/3/16,69,37
2019/3/17,75,51
2019/3/18,64,37
2019/3/19,55,28
2019/3/20,59,32
2019/3/21,53,32
2019/3/22,66,32
2019/3/23,69,35
2019/3/24,66,33
2019/3/25,69,37
2019/3/26,50,28
2019/3/27,55,33
2019/3/28,53,26
2019/3/29,57,33
2019/3/30,60,39
2019/3/31,66,35
2019/4/1,69,46
2019/4/2,82,44
2019/4/3,68,42
2019/4/4,66,41
2019/4/5,64,39
2019/4/6,62,39
2019/4/7,46,33
2019/4/8,66,46
2019/4/9,66,37
2019/4/10,68,46
2019/4/11,71,35
2019/4/12,73,44
2019/4/13,78,48
2019/4/14,77,53
2019/4/15,82,55
2019/4/16,73,50
2019/4/17,68,48
2019/4/18,57,41
2019/4/19,71,42
2019/4/20,78,53
2019/4/21,80,55
2019/4/22,66,42
2019/4/23,64,44
2019/4/24,68,44
2019/4/25,60,39
2019/4/26,64,46
2019/4/27,73,53
2019/4/28,75,46
2019/4/29,82,46
2019/4/30,84,53
2019/5/1,82,59
2019/5/2,80,59
2019/5/3,73,44
2019/5/4,77,46
2019/5/5,82,53
2019/5/6,77,50
2019/5/7,86,55
2019/5/8,86,55
2019/5/9,84,57
2019/5/10,77,50
2019/5/11,78,50
2019/5/12,82,59
2019/5/13,82,55
2019/5/14,89,64
2019/5/15,89,66
2019/5/16,77,62
2019/5/17,78,51
2019/5/18,78,51
2019/5/19,87,51
2019/5/20,95,60
2019/5/21,96,66
2019/5/22,93,68
2019/5/23,95,71
2019/5/24,77,57
2019/5/25,84,53
2019/5/26,89,57
2019/5/27,91,69
2019/5/28,86,55
2019/5/29,86,60
2019/5/30,84,62
2019/5/31,89,64
2019/6/1,93,62
2019/6/2,78,60
2019/6/3,87,64
2019/6/4,78,59
2019/6/5,87,62
2019/6/6,89,60
2019/6/7,87,59
2019/6/8,91,60
2019/6/9,89,66
2019/6/10,91,69
2019/6/11,84,66
2019/6/12,95,64
2019/6/13,89,62
2019/6/14,73,57
2019/6/15,82,64
2019/6/16,91,69
2019/6/17,87,69
2019/6/18,96,71
2019/6/19,89,68
2019/6/20,95,71
2019/6/21,95,73
2019/6/22,98,73
2019/6/23,96,73
2019/6/24,93,71
2019/6/25,93,73
2019/6/26,87,69
2019/6/27,96,69
2019/6/28,89,64
2019/6/29,93,69
2019/6/30,95,69
2019/7/1,96,73
2019/7/2,100,75
2019/7/3,86,69
2019/7/4,77,68
2019/7/5,82,62
2019/7/6,86,69
2019/7/7,82,66
2019/7/8,82,62
2019/7/9,84,64
2019/7/10,93,69
2019/7/11,91,69
2019/7/12,87,69
2019/7/13,93,73
2019/7/14,89,73
2019/7/15,84,73
2019/7/16,87,73
2019/7/17,89,75
2019/7/18,87,75
2019/7/19,95,78
2019/7/20,93,75
2019/7/21,93,77
2019/7/22,96,80
2019/7/23,95,78
2019/7/24,96,78
2019/7/25,96,80
2019/7/26,95,78
2019/7/27,84,71
2019/7/28,93,73
2019/7/29,95,73
2019/7/30,89,73
2019/7/31,86,73
2019/8/1,87,75
2019/8/2,84,73
2019/8/3,82,73
2019/8/4,87,73
2019/8/5,84,71
2019/8/6,89,75
2019/8/7,86,73
2019/8/8,84,71
2019/8/9,80,73
2019/8/10,86,71
2019/8/11,87,69
2019/8/12,86,68
2019/8/13,89,69
2019/8/14,86,66
2019/8/15,87,64
2019/8/16,89,68
2019/8/17,87,69
2019/8/18,78,60
2019/8/19,87,64
2019/8/20,87,64
2019/8/21,86,60
2019/8/22,86,62
2019/8/23,86,64
2019/8/24,80,62
2019/8/25,87,60
2019/8/26,87,60
2019/8/27,86,64
2019/8/28,87,60
2019/8/29,86,60
2019/8/30,91,62
2019/8/31,91,62
2019/9/1,91,64
2019/9/2,89,64
2019/9/3,89,64
2019/9/4,91,64
2019/9/5,93,64
2019/9/6,95,69
2019/9/7,89,68
2019/9/8,75,59
2019/9/9,75,60
2019/9/10,77,64
2019/9/11,80,59
2019/9/12,82,59
2019/9/13,80,57
2019/9/14,78,57
2019/9/15,80,51
2019/9/16,75,51
2019/9/17,75,55
2019/9/18,80,53
2019/9/19,80,55
2019/9/20,80,53
2019/9/21,86,55
2019/9/22,86,57
2019/9/23,86,55
2019/9/24,86,55
2019/9/25,84,57
2019/9/26,86,60
2019/9/27,84,60
2019/9/28,86,60
2019/9/29,86,60
2019/9/30,84,57
2019/10/1,84,51
2019/10/2,59,39
2019/10/3,66,41
2019/10/4,66,42
2019/10/5,73,42
2019/10/6,68,42
2019/10/7,71,46
2019/10/8,69,50
2019/10/9,64,51
2019/10/10,64,42
2019/10/11,55,35
2019/10/12,59,30
2019/10/13,62,39
2019/10/14,59,42
2019/10/15,55,39
2019/10/16,66,41
2019/10/17,69,46
2019/10/18,71,35
2019/10/19,68,37
2019/10/20,68,42
2019/10/21,71,48
2019/10/22,64,37
2019/10/23,57,26
2019/10/24,60,30
2019/10/25,64,37
2019/10/26,59,30
2019/10/27,60,32
2019/10/28,68,37
2019/10/29,71,37
2019/10/30,62,42
2019/10/31,57,44
2019/11/1,57,33
2019/11/2,60,35
2019/11/3,60,35
2019/11/4,60,33
2019/11/5,53,28
2019/11/6,59,30
2019/11/7,57,39
2019/11/8,62,32
2019/11/9,62,35
2019/11/10,68,37
2019/11/11,46,21
2019/11/12,51,23
2019/11/13,48,28
2019/11/14,48,39
2019/11/15,53,21
2019/11/16,39,17
2019/11/17,41,21
2019/11/18,46,23
2019/11/19,46,28
2019/11/20,51,33
2019/11/21,55,37
2019/11/22,41,17
2019/11/23,37,17
2019/11/24,41,19
2019/11/25,39,14
2019/11/26,37,17
2019/11/27,35,21
2019/11/28,41,15
2019/11/29,39,15
2019/11/30,37,19
2019/12/1,46,19
2019/12/2,42,15
2019/12/3,35,14
2019/12/4,39,15
2019/12/5,41,17
2019/12/6,35,17
2019/12/7,33,19
2019/12/8,46,19
2019/12/9,41,14
2019/12/10,41,17
2019/12/11,48,17
2019/12/12,41,21
2019/12/13,35,26
2019/12/14,35,15
2019/12/15,39,14
2019/12/16,35,14
2019/12/17,35,10
2019/12/18,35,10
2019/12/19,35,12
2019/12/20,41,14
2019/12/21,37,21
2019/12/22,35,14
2019/12/23,41,14
2019/12/24,35,14
2019/12/25,37,14
2019/12/26,41,15
2019/12/27,42,12
2019/12/28,21,1
2019/12/29,24,5
2019/12/30,32,8
2019/12/31,37,12
2020/1/1,42,14
2020/1/2,46,15
2020/1/3,33,15
2020/1/4,35,21
2020/1/5,35,17
2020/1/6,41,14
2020/1/7,41,12
2020/1/8,39,14
2020/1/9,33,12
2020/1/10,37,14
2020/1/11,35,12
2020/1/12,32,8
2020/1/13,37,8
2020/1/14,35,10
2020/1/15,37,12
2020/1/16,37,19
2020/1/17,41,10
2020/1/18,41,12
2020/1/19,41,14
2020/1/20,41,15
2020/1/21,46,14
2020/1/22,37,14
2020/1/23,41,14
2020/1/24,41,15
2020/1/25,39,19
2020/1/26,42,17
2020/1/27,42,14
2020/1/28,42,19
2020/1/29,44,17
2020/1/30,41,19
2020/1/31,33,14
2020/2/1,35,15
2020/2/2,33,10
2020/2/3,23,14
2020/2/4,26,12
2020/2/5,37,14
2020/2/6,42,15
2020/2/7,50,19
2020/2/8,51,23
2020/2/9,53,23
2020/2/10,53,23
2020/2/11,48,26
2020/2/12,32,14
2020/2/13,32,12
2020/2/14,39,14
2020/2/15,44,15
2020/2/16,50,21
2020/2/17,48,17
2020/2/18,44,23
2020/2/19,51,21
2020/2/20,48,21
2020/2/21,50,23
2020/2/22,50,32
2020/2/23,46,23
2020/2/24,46,24
2020/2/25,41,24
2020/2/26,48,28
2020/2/27,39,30
2020/2/28,51,23
2020/2/29,50,23
2020/3/1,46,23
2020/3/2,44,24
2020/3/3,51,26
2020/3/4,50,30
2020/3/5,53,30
2020/3/6,50,39
2020/3/7,51,26
2020/3/8,51,23
2020/3/9,57,32
2020/3/10,55,26
2020/3/11,50,32
2020/3/12,59,33
2020/3/13,62,28
2020/3/14,59,33
2020/3/15,68,33
2020/3/16,73,39
2020/3/17,62,37
2020/3/18,73,42
2020/3/19,66,33
2020/3/20,71,39
2020/3/21,73,41
2020/3/22,62,39
2020/3/23,71,39
2020/3/24,53,30
2020/3/25,57,23
2020/3/26,57,32
2020/3/27,62,35
2020/3/28,66,39
2020/3/29,68,39
2020/3/30,59,30
2020/3/31,68,41
2020/4/1,75,37
2020/4/2,62,33
2020/4/3,66,39
2020/4/4,73,44
2020/4/5,64,35
2020/4/6,64,41
2020/4/7,57,35
2020/4/8,64,39
2020/4/9,71,48
2020/4/10,75,42
2020/4/11,78,46
2020/4/12,78,50
2020/4/13,77,50
2020/4/14,64,48
2020/4/15,71,44
2020/4/16,71,51
2020/4/17,71,42
2020/4/18,60,37
2020/4/19,57,35
2020/4/20,59,32
2020/4/21,66,37
2020/4/22,82,48
2020/4/23,71,41
2020/4/24,73,41
2020/4/25,75,48
2020/4/26,82,53
2020/4/27,87,59
2020/4/28,89,60
2020/4/29,93,66
2020/4/30,91,62
2020/5/1,82,55
2020/5/2,68,46
2020/5/3,78,55
2020/5/4,75,57
2020/5/5,69,55
2020/5/6,60,46
2020/5/7,73,51
2020/5/8,77,46
2020/5/9,82,50
2020/5/10,78,46
2020/5/11,82,62
2020/5/12,86,57
2020/5/13,77,55
2020/5/14,77,48
2020/5/15,73,53
2020/5/16,80,55
2020/5/17,84,57
2020/5/18,82,59
2020/5/19,73,57
2020/5/20,84,59
2020/5/21,78,55
2020/5/22,82,55
2020/5/23,77,50
2020/5/24,82,53
2020/5/25,82,53
2020/5/26,89,60
2020/5/27,89,62
2020/5/28,86,60
2020/5/29,82,53
2020/5/30,86,55
2020/5/31,87,59
2020/6/1,95,62
2020/6/2,84,60
2020/6/3,86,57
2020/6/4,87,64
2020/6/5,95,71
2020/6/6,100,75
2020/6/7,86,66
2020/6/8,93,68
2020/6/9,87,66
2020/6/10,89,69
2020/6/11,93,66
2020/6/12,93,62
2020/6/13,98,71
2020/6/14,93,69
2020/6/15,87,68
2020/6/16,89,66
2020/6/17,93,71
2020/6/18,91,73
2020/6/19,93,75
2020/6/20,93,73
2020/6/21,89,68
2020/6/22,87,68
2020/6/23,78,66
2020/6/24,84,66
2020/6/25,87,66
2020/6/26,89,69
2020/6/27,87,68
2020/6/28,93,69
2020/6/29,93,71
2020/6/30,78,69
2020/7/1,78,64
2020/7/2,86,69
2020/7/3,86,69
2020/7/4,87,66
2020/7/5,87,66
2020/7/6,87,64
2020/7/7,91,64
2020/7/8,91,71
2020/7/9,78,66
2020/7/10,84,68
2020/7/11,84,68
2020/7/12,84,68
2020/7/13,84,68
2020/7/14,84,68
2020/7/15,84,68
2020/7/16,84,68
2020/7/17,84,68
2020/7/18,84,68
2020/7/19,84,68
2020/7/20,84,68
2020/7/21,84,68
2020/7/22,84,68
2020/7/23,84,68
2020/7/24,84,68
2020/7/25,84,68
2020/7/26,84,68
2020/7/27,84,68
2020/7/28,84,68
2020/7/29,84,68
2020/7/30,84,68
2020/7/31,84,68
2020/8/1,84,68
2020/8/2,84,68
2020/8/3,84,68
2020/8/4,84,68
2020/8/5,84,68
2020/8/6,84,68
2020/8/7,84,68
2020/8/8,84,68
2020/8/9,84,68
2020/8/10,84,68
2020/8/11,84,68
2020/8/12,84,68
2020/8/13,84,68
2020/8/14,84,68
2020/8/15,84,68
2020/8/16,84,68
2020/8/17,84,68
2020/8/18,84,68
2020/8/19,84,68
2020/8/20,84,68
2020/8/21,84,68
2020/8/22,84,68
2020/8/23,84,68
2020/8/24,84,68
2020/8/25,84,68
2020/8/26,84,68
2020/8/27,84,68
2020/8/28,84,68
2020/8/29,84,68
2020/8/30,84,68
2020/8/31,84,68
2020/9/1,84,68
2020/9/2,84,68
2020/9/3,84,68
2020/9/4,84,68
2020/9/5,84,68
2020/9/6,84,68
2020/9/7,84,68
2020/9/8,84,68
2020/9/9,84,68
2020/9/10,84,68
2020/9/11,84,68
2020/9/12,84,68
2020/9/13,84,68
2020/9/14,84,68
2020/9/15,84,68
2020/9/16,84,68
2020/9/17,84,68
2020/9/18,84,68
2020/9/19,84,68
2020/9/20,84,68
2020/9/21,84,68
2020/9/22,84,68
2020/9/23,84,68
2020/9/24,84,68
2020/9/25,84,68
2020/9/26,84,68
2020/9/27,84,68
2020/9/28,84,68
2020/9/29,84,68
2020/9/30,84,68
2020/10/1,84,68
2020/10/2,84,68
2020/10/3,84,68
2020/10/4,84,68
2020/10/5,84,68
2020/10/6,84,68
2020/10/7,84,68
2020/10/8,84,68
2020/10/9,84,68
2020/10/10,84,68
2020/10/11,84,68
2020/10/12,84,68
2020/10/13,84,68
2020/10/14,84,68
2020/10/15,84,68
2020/10/16,84,68
2020/10/17,84,68
2020/10/18,84,68
2020/10/19,84,68
2020/10/20,84,68
2020/10/21,84,68
2020/10/22,84,68
2020/10/23,84,68
2020/10/24,84,68
2020/10/25,84,68
2020/10/26,84,68
2020/10/27,84,68
2020/10/28,84,68
2020/10/29,84,68
2020/10/30,84,68
2020/10/31,84,68
2020/11/1,84,68
2020/11/2,84,68
2020/11/3,84,68
2020/11/4,84,68
2020/11/5,84,68
2020/11/6,84,68
2020/11/7,84,68
2020/11/8,84,68
2020/11/9,84,68
2020/11/10,84,68
2020/11/11,84,68
2020/11/12,84,68
2020/11/13,84,68
2020/11/14,84,68
2020/11/15,84,68
2020/11/16,84,68
2020/11/17,84,68
2020/11/18,84,68
2020/11/19,84,68
2020/11/20,84,68
2020/11/21,84,68
2020/11/22,84,68
2020/11/23,84,68
2020/11/24,84,68
2020/11/25,84,68
2020/11/26,84,68
2020/11/27,84,68
2020/11/28,84,68
2020/11/29,84,68
2020/11/30,84,68
2020/12/1,84,68
2020/12/2,84,68
2020/12/3,84,68
2020/12/4,84,68
2020/12/5,84,68
2020/12/6,84,68
2020/12/7,84,68
2020/12/8,84,68
2020/12/9,84,68
2020/12/10,84,68
2020/12/11,84,68
2020/12/12,84,68
2020/12/13,84,68
2020/12/14,84,68
2020/12/15,84,68
2020/12/16,84,68
2020/12/17,84,68
2020/12/18,84,68
2020/12/19,84,68
2020/12/20,84,68
2020/12/21,84,68
2020/12/22,84,68
2020/12/23,84,68
2020/12/24,84,68
2020/12/25,84,68
2020/12/26,84,68
2020/12/27,84,68
2020/12/28,84,68
2020/12/29,84,68
2020/12/30,84,68
2020/12/31,84,68
